video_id,channel_name,video_title,video_views,subscribers,video_likes,video_comments_count,link,tags,duration,channel_id,description,upload_date,suppressed,original_channel,ideas,gender,playlist,country,title_annotated_json,title_annotated_json_inference_time,annotation,annotation_inference_time
N1LdcRyYpkQ,FDENEWS,LA ZARRA SA CARRIÈRE FINITO,21434,103000,1257.0,300.0,https://www.youtube.com/watch?v=N1LdcRyYpkQ,[''],751,UCaJmk68qUWhxFKrxb0i7MgA,"Chaine pour les LIVES : https://www.youtube.com/channel/UCSw8030bTEARWJid3pniuhw

Me soutenir mensuelement sur Tipeee : https://fr.tipeee.com/kroc-blanc
BSC : 0xc697cB06D4e8A93CeF3aae3BA4004B34216030b9

Mail : krocblanc@gmail.com
Acheter Musique : https://www.krocblanc.fr/
Telegram : https://t.me/Krocblanc
Insta : https://www.instagram.com/krocblancoff
Twitter : https://twitter.com/KbgStream
FB : https://www.facebook.com/krocblanc/",2023-06-07,False,FDENEWS,Far_right,H,0,FR,,,,27.16684304201044
MGRDHPFiYE4,Psyhodelik,Mafia 3 - #8 En fait y'a rien a sauvé,187,248000,4.0,1.0,https://www.youtube.com/watch?v=MGRDHPFiYE4,"['twitch', 'games', 'Mafia', 'Mafia_3', ""let's_play"", 'fr', 'francais', 'français', 'integral', 'walktrhought', 'psyho', 'psyhodelik', 'xbox']",2903,UCrCcpeVQlTCdoOId4yDUsZQ,u final à la moindre petite étincelle de bonne idée... C'est tué dans l'oeuf instantanément...  -- Watch live at https://www.twitch.tv/psyhodelik,2016-10-09,False,Psyhodelik,Far_right,H,0,FR,,,,28.330962999985786
ADKzQ1ckP68,Psyhodelik,LA SITUATION DÉGÉNÈRE AU SALON DE L'AGRICULTURE EVCACUÉ ET MACRON OBLIGÉ D'ÊTRE EXFILTRÉ,110914,248000,6503.0,1304.0,https://www.youtube.com/watch?v=ADKzQ1ckP68,"['psyhodelik', 'dalibourdin', 'news', 'actu', 'jeux_video', 'the_quartering', 'psychodelik', 'psyho', 'satire', 'parodie', 'vlog', 'react', 'pazen', 'woke', 'wokisme', 'Agriculteur', 'agriculteurs_en_colere', 'fnsea', 'emmanuel_macron', 'macron', 'salon_agriculteurs', ""salon_de_l'agriculture""]",1178,UCrCcpeVQlTCdoOId4yDUsZQ,"#salondelagriculture #macron #agriculteurs #agriculteursencolere 

- La situation dégénère au Salon de L'agriculture, Macron est obligé d'être Exfiltré 
- Des renfort de CRS et Police Montée viennent en renfort 
- Le Salon est évacué de son publique dans le Hall 1  

♥ Amour, Bière et Câlin ♥

------------------------------------------------------------------
♥ Rejoignez cette chaîne pour bénéficier d'avantages exclusifs :
https://www.youtube.com/channel/UCrCcpeVQlTCdoOId4yDUsZQ/join

♥ Chaine secondaires dédiée au live : https://www.youtube.com/@psyhodeliklive
♥ Tipee : https://fr.tipeee.com/psyhodelik

♥ Kick : https://kick.com/psyhodelikus
♥ Twitter : https://twitter.com/Psyhodelikus
♥ Discord : https://discord.gg/3vAHNaD885
♥ TikTok : https://www.tiktok.com/@psyhodelikus
♥ Livre Amazon : https://www.amazon.fr/kindle-dbs/entity/author/B0BYXN99CV
♥ Facebook Groupe : https://www.facebook.com/groups/Psyhoandco
♥ Odyssey : https://odysee.com/@Psyhodelik
-------------------------------------------------------------------

Sources :
Playlist Agricultre : https://www.youtube.com/playlist?list=PLr4FlIkUshwq-1CeFuVBUErtyc5i03KYj

https://twitter.com/AlertesInfos/status/1761371989308997865
https://twitter.com/Livrenoirmedia/status/1761370589556506795
https://twitter.com/Livrenoirmedia/status/1761372099015283148
https://twitter.com/sandrousseau/status/1761358444932616487
https://twitter.com/F_Desouche/status/1761355598744973405
https://twitter.com/Psyhodelikus/status/1761374818174214588
https://twitter.com/caterpilar63/status/1761377281191158081
https://twitter.com/Loran076/status/1761377519733801123
https://twitter.com/MarieWe90229652/status/1761377516063797250
https://twitter.com/Proustparisien/status/1761377515656933609
https://twitter.com/lastjudgment21/status/1761377443913298241
https://twitter.com/InfoHugoQuentin/status/1761377370412298435
https://twitter.com/Valet9/status/1761377322471477312
https://twitter.com/actureactinfo/status/1761377237868097587
https://twitter.com/assouplissant/status/1761377224312197459
https://twitter.com/vl_plus/status/1761377115771904078
https://twitter.com/Eco_Citizen_GD/status/1761377041117548853
https://twitter.com/JeanMessiha/status/1761377004669047074
https://twitter.com/LoicAvt/status/1761376969340444824
https://twitter.com/LSouvrainiste/status/1761376909680587017
https://twitter.com/coordinationrur/status/1761376909223448623
https://twitter.com/vae_victis_76/status/1761376837651796219
https://twitter.com/FrDesouche/status/1761379197346324512
https://twitter.com/YamaelD/status/1761381682005852521
https://twitter.com/Jeremiedaudet/status/1761382675045023972
https://twitter.com/lau_avel/status/1761380988939055427
https://twitter.com/jan312bis/status/1761380981284475230
https://twitter.com/Contrelacensure/status/1761380902188339499
https://twitter.com/f_philippot/status/1761373327141015636",2024-02-24,False,Psyhodelik,Far_right,H,0,FR,,,,48.70643120899331
vf_zN3Is688,Psyhodelik,FIFA 21 NIE UNE FUITE PARLANT DE FUT COMME DE JEUX D'ARGENT,11600,248000,548.0,89.0,https://www.youtube.com/watch?v=vf_zN3Is688,"['psyhodelik', 'dalibourdin', 'fr', 'lusty', 'julien_chieze', 'emb', 'bibi300', 'news', 'actu', 'jeux_video', 'yongyea', 'the_quartering', 'psychodelik', 'heelsvsbabyface', 'chieze', 'vlog', 'vlogger', 'ea', 'electronic_arts', 'fifa', 'fifa_21', 'fifa_fut', 'fut', 'fifa_ultimate_team', 'ultimate_team', 'lootbox', 'micro_transaction', 'gambling', 'fut_21', 'fifa_21_best_formation', 'tots_pack_opening_fifa_21', 'fifa_21_ultimate_team', 'division_rivals', 'fut_champs_tactics_fifa_21']",1375,UCrCcpeVQlTCdoOId4yDUsZQ,"#FIFA21 #EA #FUT #Lootbox #MécaniqueDeSurprise 

Electronics Arts se défend après la fuite d'un document interne expliquant comment pousser les joueurs vers les dépenses dans leurs modes FIFA Ultimate Team pour grossir d'avantage leurs revenue. 

♥ Amour, Bière et Câlin ♥

S ources : 
♥Playlist EA : https://www.youtube.com/playlist?list=PLr4FlIkUshwqduDpLCq2HhyqcquZ-yCOy
♥ Vente de carte EA par un employé : https://www.youtube.com/watch?v=753Tko6SDX8
♥ 15.000 dollars dans FUT : https://www.youtube.com/watch?v=e3xiQ9CIxgw
♥ Lootbox = Gambling : https://www.youtube.com/watch?v=RDCXqTP0FfA
♥ Lootbox interdit au enfant : https://www.youtube.com/watch?v=Nd5u5_RkQcE
♥ https://www.youtube.com/results?search_query=ea+psyhodelik+enfant+lootbox
♥ https://www.eurogamer.net/articles/2021-04-26-ea-denies-its-pushing-fifa-players-to-spend-on-loot-boxes-after-insider-leaks-marketing-documents
♥ https://www.90min.com/in/posts/ea-sports-reveal-insane-net-revenue-from-fifa-ultimate-team-in-2020

------------------------------------------------------------------
♥ Playlist Dalibourdin Investigation : https://www.youtube.com/playlist?list=PLr4FlIkUshwoOo9lUVrk_p9BVpL1v6dWI

♥ Rejoignez cette chaîne pour bénéficier d'avantages exclusifs :
https://www.youtube.com/channel/UCrCcpeVQlTCdoOId4yDUsZQ/join
♥ Tipee : https://fr.tipeee.com/psyhodelik
♥ Twitter : https://twitter.com/Psyhodelikus
♥ Discord : https://discord.gg/QTxUHPM
♥ Facebook Groupe : https://www.facebook.com/groups/Psyhoandco
♥ BitChute : https://www.bitchute.com/channel/p9fSqFXnK9ws/
♥ Twitch : http://twitch.tv/psyhodelik

♥ La communauté Trials : https://Trials-France.fr
-------------------------------------------------------------------",2021-04-27,False,Psyhodelik,Far_right,H,0,FR,,,,37.906514417001745
